post_id,post_type,likes_count,comments_count,shares_count,followers_count,reach,post_impressions
P0001,video,312,380,180,1063,8719,4831
P0002,poll,580,98,105,1106,9122,8893
P0003,reels,41,224,197,1210,776,5054
P0004,video,319,216,156,2768,4688,7713
P0005,infographic,426,481,15,2248,2848,13766
P0006,static image,888,97,222,2406,5907,14200
P0007,story,964,222,17,3346,2212,13216
P0008,reels,364,488,220,2371,8733,13259
P0009,video,89,298,62,4033,9191,18859
P0010,carousel,556,343,254,719,1343,17918
P0011,carousel,73,52,91,1657,1355,6449
P0012,poll,83,478,178,4852,9586,16024
P0013,carousel,624,494,39,4863,6211,14360
P0014,infographic,452,422,206,253,9439,2445
P0015,infographic,747,472,51,2158,7774,11387
P0016,story,435,457,43,1183,2473,1431
P0017,story,586,240,126,588,1688,12530
P0018,story,735,443,284,3915,4353,19510
P0019,poll,368,443,110,4447,9892,7747
P0020,reels,544,320,225,4572,4960,13124
P0021,carousel,112,2,277,1294,9607,14127
P0022,static image,899,120,203,705,7957,19703
P0023,static image,145,250,252,4547,1496,14922
P0024,carousel,52,244,190,3097,7338,13752
P0025,infographic,320,307,133,453,9378,6243
P0026,story,905,459,78,4946,6162,10641
P0027,static image,622,291,188,705,5123,5842
P0028,story,292,126,114,3957,9792,17720
P0029,static image,603,82,169,2649,5555,3775
P0030,story,991,127,218,4660,2196,18486
P0031,infographic,578,399,223,1897,9454,484
P0032,video,344,9,63,3407,9889,5151
P0033,poll,840,450,152,2614,4047,6898
P0034,poll,351,89,195,4862,4409,8816
P0035,video,362,363,179,626,5328,12834
P0036,infographic,378,114,151,4006,3330,17597
P0037,reels,280,32,149,3290,2277,13040
P0038,poll,610,309,198,1778,8144,16119
P0039,reels,797,125,96,256,1446,7485
P0040,static image,235,402,57,1316,4589,2415
P0041,carousel,174,244,33,4020,6581,13833
P0042,static image,927,39,138,1367,7186,12671
P0043,poll,332,105,132,1860,3853,130
P0044,carousel,608,310,98,4793,7170,8248
P0045,story,506,372,235,3019,953,8367
P0046,video,215,320,108,1741,8248,1796
P0047,story,197,259,13,686,2492,13749
P0048,infographic,49,467,270,2136,4809,737
P0049,infographic,194,346,253,3408,4660,12553
P0050,video,123,193,17,463,5192,9384
P0051,video,71,264,257,3761,3908,8713
P0052,poll,861,499,4,4103,8216,8647
P0053,infographic,462,387,233,4077,8188,9423
P0054,poll,275,16,112,1387,2158,17987
P0055,reels,625,5,267,2944,9031,16176
P0056,poll,384,21,68,2023,9241,12496
P0057,carousel,383,92,137,781,2866,4115
P0058,video,593,383,83,396,6930,12695
P0059,static image,480,44,175,1577,1595,5502
P0060,carousel,820,313,140,1296,3695,14612
P0061,static image,844,147,246,4255,6988,1564
P0062,infographic,799,272,39,4436,9860,14723
P0063,poll,733,358,98,4913,4945,18254
P0064,reels,534,61,114,4717,9342,17941
P0065,story,859,56,233,4667,2947,18622
P0066,video,325,352,220,4524,3953,12248
P0067,story,528,183,81,2141,7967,3938
P0068,reels,866,139,164,810,9197,2169
P0069,story,551,226,205,1702,1217,18131
P0070,infographic,525,67,200,2675,6247,1327
P0071,video,177,189,120,4403,6677,4008
P0072,infographic,927,82,198,2473,5458,10340
P0073,poll,459,240,234,1381,354,6808
P0074,video,742,102,263,1977,2779,8887
P0075,carousel,782,185,107,3071,774,9337
P0076,story,917,93,173,4103,6495,6192
P0077,story,796,72,99,779,2197,6848
P0078,story,346,87,75,274,6136,1310
P0079,story,202,226,123,3830,6242,12369
P0080,static image,589,481,270,826,4273,9742
P0081,story,267,136,151,3230,3948,4462
P0082,story,846,434,157,404,8989,1902
P0083,infographic,496,167,122,2240,5720,7881
P0084,reels,946,101,270,2324,6455,15164
P0085,story,72,203,136,108,9898,2626
P0086,video,673,115,243,4817,7149,2268
P0087,story,999,249,223,1206,6313,8784
P0088,poll,753,54,62,2128,2226,8978
P0089,reels,380,336,211,244,3809,166
P0090,poll,823,298,156,2785,5558,363
P0091,story,409,131,65,2615,6353,11056
P0092,carousel,589,349,193,4481,9226,4455
P0093,video,514,468,71,1504,998,17531
P0094,carousel,420,360,62,1965,4360,9751
P0095,static image,215,229,24,860,3028,16664
P0096,static image,154,416,37,3816,3568,5601
P0097,carousel,746,244,68,574,3191,11572
P0098,story,955,127,177,2249,2419,14770
P0099,story,369,277,148,4032,3680,17768
P0100,infographic,383,394,192,4264,8485,13213
P0101,static image,40,150,212,3633,578,18345
P0102,carousel,875,14,121,3689,2372,7114
P0103,poll,955,393,150,4177,1797,15891
P0104,poll,109,108,239,578,9514,1344
P0105,carousel,712,449,102,890,4241,11105
P0106,story,708,46,192,3702,7956,5855
P0107,poll,941,400,277,1220,446,6739
P0108,static image,340,333,166,423,2431,8592
P0109,infographic,423,310,45,352,1765,18646
P0110,carousel,813,463,71,4186,1140,10893
P0111,carousel,427,147,156,3721,2738,16568
P0112,video,571,85,166,3934,2424,121
P0113,infographic,336,309,115,926,1600,16952
P0114,infographic,41,71,289,797,8733,1985
P0115,video,745,191,191,3370,1947,4399
P0116,video,395,372,113,4218,1973,2329
P0117,poll,732,300,282,815,653,14151
P0118,infographic,134,53,198,4090,3366,1328
P0119,reels,376,494,115,4242,4001,8390
P0120,infographic,852,153,19,2111,6289,5127
P0121,poll,212,28,59,3124,4343,19459
P0122,video,712,389,5,4215,283,7344
P0123,reels,428,173,258,4217,7294,11682
P0124,infographic,432,481,176,4708,6941,10605
P0125,story,694,424,254,415,1377,3043
P0126,story,570,320,98,2108,9740,13432
P0127,poll,764,292,42,3299,3567,14358
P0128,carousel,11,172,159,2821,1900,12803
P0129,story,176,111,127,455,5984,12537
P0130,static image,503,471,18,3798,9543,18332
P0131,infographic,722,307,115,1602,4356,4170
P0132,video,594,294,153,4852,3171,17412
P0133,infographic,75,300,103,1018,6084,16111
P0134,infographic,865,14,254,2889,9819,6128
P0135,story,201,107,73,829,7489,17608
P0136,infographic,879,359,221,3361,9383,11628
P0137,story,957,103,163,3010,5732,9481
P0138,infographic,468,118,79,1348,9197,3176
P0139,story,981,338,160,2721,2540,2405
P0140,carousel,747,43,50,1054,4417,19092
P0141,poll,395,230,241,4123,2029,11295
P0142,video,501,53,163,3433,8200,19896
P0143,story,696,377,68,4952,2704,9593
P0144,carousel,123,116,128,1846,6674,3274
P0145,static image,758,300,293,4838,709,17937
P0146,video,853,380,52,3149,3786,16756
P0147,video,825,279,69,2862,961,12720
P0148,infographic,791,285,143,1480,4648,19478
P0149,static image,238,108,256,3065,4842,10369
P0150,poll,969,225,45,2316,9978,13461
P0151,static image,893,498,299,2892,3313,10207
P0152,poll,994,345,83,2026,6635,3193
P0153,video,814,88,102,3896,9727,4598
P0154,static image,646,451,175,134,8830,10318
P0155,story,504,175,3,1770,9615,5961
P0156,video,652,341,49,1773,8920,5391
P0157,story,794,312,207,397,1464,4286
P0158,video,380,152,261,714,5907,12056
P0159,poll,840,189,27,4381,6082,12617
P0160,static image,207,437,246,4239,565,4552
P0161,story,289,487,214,1311,4322,13961
P0162,poll,968,222,129,3218,7577,1155
P0163,carousel,415,424,30,4761,3067,19135
P0164,infographic,728,174,69,2487,5161,17303
P0165,infographic,275,302,5,3656,9055,187
P0166,reels,576,31,106,1797,9054,10538
P0167,story,993,436,70,4437,4255,16669
P0168,static image,375,158,76,1124,4483,14625
P0169,poll,753,86,50,1506,2292,16014
P0170,static image,454,157,12,539,4322,16762
P0171,reels,733,304,191,1000,8406,18432
P0172,video,612,336,297,386,5585,11929
P0173,carousel,591,68,249,919,9085,15235
P0174,story,663,170,30,2642,7741,7540
P0175,video,961,376,160,3325,5308,9011
P0176,reels,300,50,193,4241,9382,17993
P0177,story,430,53,153,2480,1844,14282
P0178,carousel,315,393,198,2738,904,9827
P0179,story,112,387,136,1163,7587,4755
P0180,reels,109,31,27,2735,5503,6086
P0181,static image,588,486,264,4626,7701,5075
P0182,carousel,174,139,288,447,5073,188
P0183,poll,855,194,170,2242,3953,9619
P0184,carousel,1000,107,1,1102,9539,15141
P0185,static image,120,477,24,1052,935,15866
P0186,infographic,127,47,107,2407,5120,14319
P0187,reels,343,390,137,1733,349,12953
P0188,story,893,491,203,4150,3778,13741
P0189,carousel,45,386,199,3087,8737,1703
P0190,story,254,416,243,4481,5006,13117
P0191,reels,285,425,56,1212,9718,17748
P0192,story,255,481,287,2723,7550,1407
P0193,carousel,243,88,144,2112,763,6837
P0194,video,702,387,27,2104,8993,19931
P0195,poll,617,1,180,1722,5881,6803
P0196,poll,74,328,98,3510,1972,17818
P0197,infographic,760,453,191,3495,5335,18167
P0198,carousel,539,139,226,3669,4699,3907
P0199,static image,534,96,120,3167,7263,19931
P0200,carousel,286,285,246,1199,7074,9547
P0201,carousel,691,282,126,2988,3537,18061
P0202,carousel,478,85,57,2592,9600,14406
P0203,reels,819,306,104,1187,5221,13873
P0204,static image,263,138,181,4478,508,3374
P0205,poll,157,293,69,2650,8241,4758
P0206,poll,986,218,187,3016,9852,14345
P0207,poll,885,318,64,1452,1160,11749
P0208,story,582,19,128,1329,5435,9096
P0209,story,625,278,127,1980,8060,15802
P0210,poll,458,224,297,1113,4963,19554
P0211,video,679,422,166,3356,9003,2987
P0212,video,614,27,173,4710,2683,9339
P0213,infographic,191,273,46,512,9882,1076
P0214,story,186,141,298,2832,7941,14141
P0215,video,651,302,219,2619,922,1024
P0216,carousel,814,225,259,2458,5546,10254
P0217,static image,508,427,56,1265,544,4358
P0218,carousel,74,195,116,3958,5382,14053
P0219,video,589,487,293,2527,4956,11748
P0220,video,762,454,126,1024,6228,3646
P0221,video,178,393,92,4491,9352,3508
P0222,video,259,81,104,3427,4928,16900
P0223,infographic,358,302,121,420,5971,3359
P0224,carousel,507,409,127,2979,3721,13830
P0225,reels,821,380,104,4777,9922,8705
P0226,infographic,963,402,44,3368,8272,14721
P0227,video,949,409,243,2082,7595,4377
P0228,reels,511,455,105,4825,2675,7898
P0229,story,502,44,25,4728,1013,1935
P0230,static image,977,380,16,3382,2648,4746
P0231,story,701,298,124,2022,4330,13715
P0232,infographic,271,52,110,4251,7648,1091
P0233,reels,565,146,219,526,1900,19234
P0234,video,329,257,156,2208,685,11797
P0235,story,297,351,91,4448,2804,3965
P0236,infographic,350,161,248,1843,3748,13994
P0237,carousel,446,480,238,922,6076,5162
P0238,carousel,789,232,132,4061,9361,8822
P0239,poll,793,113,245,2509,4428,6769
P0240,static image,266,75,197,3436,5522,16859
P0241,infographic,791,141,241,4827,5366,7448
P0242,video,363,309,204,567,8358,14956
P0243,reels,856,222,230,3754,7714,16368
P0244,infographic,301,237,79,3760,9965,5096
P0245,infographic,828,403,213,4205,4059,15202
P0246,poll,815,283,220,4079,6515,5035
P0247,story,323,474,286,1329,8715,13664
P0248,video,911,198,208,137,5201,13427
P0249,infographic,162,161,255,4032,3187,7160
P0250,carousel,617,39,99,3996,9369,7685
P0251,story,180,237,135,2789,785,18111
P0252,reels,934,343,201,535,6499,8520
P0253,carousel,730,221,265,2358,8018,8766
P0254,reels,429,343,240,334,696,2916
P0255,static image,783,170,95,1096,4978,17958
P0256,story,898,18,15,3786,5368,18751
P0257,video,298,390,208,1152,1781,898
P0258,static image,946,313,52,3085,442,19065
P0259,carousel,139,353,147,2275,2682,18863
P0260,carousel,854,455,92,1555,2691,11403
P0261,static image,633,486,76,1247,4474,3508
P0262,infographic,258,113,174,1499,3959,13250
P0263,infographic,330,172,5,4561,5313,18010
P0264,infographic,234,129,93,4569,6833,4901
P0265,story,22,467,174,470,4564,6845
P0266,video,392,436,109,4190,7245,9174
P0267,story,583,22,213,1591,7082,15259
P0268,static image,217,418,170,2167,977,673
P0269,infographic,581,221,262,1447,257,1854
P0270,carousel,965,190,92,3129,7183,3546
P0271,reels,884,195,281,3950,1552,420
P0272,static image,928,479,57,2437,2422,14446
P0273,reels,147,122,7,2206,9237,2319
P0274,infographic,971,126,148,901,6284,1071
P0275,story,420,497,39,3085,2153,9694
P0276,poll,589,249,19,1555,8510,18633
P0277,story,843,398,222,350,4954,4536
P0278,poll,253,169,15,2632,975,6193
P0279,story,910,425,15,1849,1028,14886
P0280,poll,926,303,122,898,3520,6117
P0281,reels,806,390,216,1168,7189,17419
P0282,video,967,446,224,1591,9406,3996
P0283,reels,938,324,41,831,4471,13287
P0284,carousel,630,99,97,1782,9020,6383
P0285,poll,57,450,49,1508,3310,18323
P0286,static image,543,472,70,2372,6951,6107
P0287,static image,689,28,152,2927,4346,9760
P0288,infographic,658,406,211,4675,9570,7654
P0289,static image,195,90,28,397,530,9741
P0290,reels,857,279,81,2050,172,11380
P0291,static image,964,152,257,2292,8103,16140
P0292,video,241,376,252,2534,508,18453
P0293,story,739,219,95,998,9845,770
P0294,poll,114,495,298,1056,865,6377
P0295,story,125,258,147,668,843,5099
P0296,carousel,33,256,32,4198,1153,11804
P0297,infographic,175,58,252,4113,5640,17435
P0298,story,957,36,152,2030,4994,3795
P0299,carousel,531,314,29,4595,2990,16990
P0300,story,301,26,252,1870,5806,7148
P0301,carousel,660,303,114,2499,8696,614
P0302,static image,395,95,102,4867,8718,1100
P0303,infographic,885,466,158,4230,7670,4351
P0304,static image,647,56,279,3854,1259,9493
P0305,carousel,303,165,18,2728,7271,19568
P0306,story,926,470,91,1839,4302,10416
P0307,carousel,671,144,244,1562,8927,10410
P0308,video,879,351,177,430,5420,12015
P0309,story,195,486,105,1667,1281,19939
P0310,carousel,517,281,142,4886,1487,11480
P0311,reels,941,456,100,4402,7603,14830
P0312,carousel,549,184,93,801,7191,14584
P0313,story,778,296,220,1984,4458,13724
P0314,carousel,443,220,95,4442,9755,9170
P0315,reels,370,336,262,3670,771,1299
P0316,video,882,153,275,1877,9764,3376
P0317,poll,537,342,91,249,6305,2923
P0318,carousel,847,444,108,2850,8085,18533
P0319,carousel,664,367,214,1433,2776,3569
P0320,infographic,390,2,182,4500,4413,15793
P0321,reels,549,282,82,346,6459,15766
P0322,video,84,433,22,3229,2027,19382
P0323,video,386,405,165,3279,8468,4279
P0324,poll,912,181,291,3415,1403,5577
P0325,poll,571,407,10,3527,9109,19933
P0326,infographic,611,448,135,4145,9140,803
P0327,story,289,396,115,1508,6419,12183
P0328,story,464,87,43,1637,8489,10135
P0329,poll,39,500,71,1152,9471,6088
P0330,infographic,860,401,131,1518,7006,7321
P0331,video,17,83,140,3282,8307,6045
P0332,infographic,305,236,180,984,6720,9283
P0333,carousel,649,29,29,1437,4044,7038
P0334,infographic,948,128,203,520,5195,7510
P0335,video,194,195,80,2644,3921,13701
P0336,video,451,32,267,3951,4106,10965
P0337,video,161,331,125,4933,7673,15927
P0338,infographic,668,31,29,2756,8738,19946
P0339,reels,521,206,36,787,2569,841
P0340,carousel,907,175,260,2572,8617,11398
P0341,poll,366,218,281,3618,6773,891
P0342,carousel,697,236,205,3112,7300,15542
P0343,static image,978,377,222,3352,5133,2792
P0344,infographic,768,86,233,2981,6281,13616
P0345,video,479,4,268,3451,6343,4131
P0346,poll,730,227,162,1628,4950,10574
P0347,story,66,249,232,2439,8160,11384
P0348,story,232,271,131,3323,1577,10295
P0349,video,201,206,149,4385,8681,17807
P0350,static image,944,348,35,1854,7312,10290
P0351,story,534,79,112,1425,5057,10306
P0352,carousel,97,305,239,4215,5303,4394
P0353,infographic,237,461,222,3901,6881,10372
P0354,static image,870,199,47,2146,9627,14216
P0355,reels,692,174,26,1936,9718,2276
P0356,story,857,123,143,516,1369,16211
P0357,carousel,429,467,38,1114,9292,16795
P0358,carousel,399,466,21,1633,4387,1059
P0359,reels,188,288,232,2192,1885,18082
P0360,poll,33,305,178,1601,7482,12059
P0361,video,612,279,184,1917,6293,15657
P0362,reels,299,438,49,2055,5544,13116
P0363,static image,88,448,36,1975,3945,13170
P0364,carousel,442,484,63,4231,4515,18939
P0365,video,831,36,216,4587,3084,15704
P0366,story,724,309,154,4417,8884,9266
P0367,video,533,256,48,4263,4174,8520
P0368,infographic,831,404,82,404,9272,10988
P0369,story,14,122,18,2082,7356,17220
P0370,video,249,130,294,4204,3779,8219
P0371,carousel,459,86,199,276,5080,119
P0372,story,510,268,250,2473,4684,6108
P0373,carousel,114,444,215,4245,7703,3097
P0374,carousel,168,411,7,4238,1557,16172
P0375,video,753,172,4,2635,4180,3506
P0376,video,419,162,128,144,9426,3837
P0377,video,256,376,225,3163,1254,1987
P0378,story,911,370,253,4142,2136,14397
P0379,infographic,342,21,182,1996,8818,13622
P0380,reels,551,143,65,1594,6290,2951
P0381,static image,708,412,209,2605,6379,3921
P0382,poll,449,106,119,4090,4567,18929
P0383,story,908,162,226,3549,5796,16929
P0384,static image,676,374,117,2244,6385,19805
P0385,carousel,757,332,54,1529,8889,14009
P0386,carousel,819,253,270,480,6276,9187
P0387,video,489,370,252,2047,9073,15583
P0388,static image,682,110,124,4050,781,6554
P0389,static image,648,246,287,3529,8339,10558
P0390,infographic,507,454,298,357,5406,11648
P0391,video,178,201,264,1673,6408,5146
P0392,poll,78,351,78,4120,9530,4391
P0393,reels,530,194,35,4067,3465,10958
P0394,carousel,168,78,256,3599,1729,16950
P0395,poll,944,470,138,4330,2371,16763
P0396,story,521,390,236,592,5364,14404
P0397,poll,121,362,116,3823,1966,14166
P0398,reels,208,450,2,2286,1874,5936
P0399,carousel,431,185,200,1549,6190,19323
P0400,poll,497,403,179,1030,2371,12530
P0401,carousel,147,336,234,3091,6689,18665
P0402,poll,85,11,120,822,1313,12902
P0403,static image,665,248,183,236,5494,11159
P0404,video,279,122,77,203,2316,5715
P0405,poll,581,384,91,4138,1789,9480
P0406,video,551,321,75,3908,361,15827
P0407,poll,433,281,84,3739,7406,4237
P0408,static image,225,37,11,1715,4659,14299
P0409,reels,142,383,161,613,5342,9886
P0410,story,991,160,228,2786,1560,8501
P0411,static image,629,30,180,1681,2370,13444
P0412,static image,592,316,32,526,8682,10196
P0413,infographic,567,69,97,1031,9182,11638
P0414,infographic,141,10,298,1189,638,10719
P0415,poll,152,71,187,2482,9373,18920
P0416,video,900,317,156,1531,2531,16891
P0417,static image,864,1,214,3019,8700,16007
P0418,static image,53,78,232,4214,8513,13374
P0419,static image,396,244,201,419,8243,4140
P0420,video,427,495,199,1991,7540,19213
P0421,infographic,840,42,252,608,5140,1171
P0422,static image,111,150,28,1829,4714,18060
P0423,story,498,369,81,823,2897,8900
P0424,infographic,449,86,219,127,8673,14898
P0425,carousel,574,422,178,237,2092,16749
P0426,infographic,292,2,210,791,6365,15916
P0427,infographic,49,329,220,1315,9233,16496
P0428,infographic,796,126,254,122,3216,7590
P0429,poll,282,255,189,2118,9912,9198
P0430,video,851,222,82,3304,204,13896
P0431,static image,417,157,296,3428,675,13576
P0432,video,959,332,296,3450,4959,707
P0433,infographic,918,181,210,3296,5650,12073
P0434,carousel,352,387,287,1456,2680,7109
P0435,infographic,637,104,260,2280,5499,3798
P0436,static image,582,266,191,4480,6805,11092
P0437,poll,721,15,166,853,8805,2608
P0438,static image,874,188,246,3708,3682,4793
P0439,video,72,293,80,1093,229,746
P0440,carousel,687,20,155,2943,5722,12373
P0441,reels,711,389,12,722,5179,6770
P0442,reels,164,471,247,2108,6712,9975
P0443,story,769,362,117,2232,8324,2739
P0444,story,820,8,2,1782,9821,19631
P0445,poll,75,368,298,3225,7007,14380
P0446,infographic,346,211,222,4629,2091,4119
P0447,poll,859,308,6,3285,4858,6114
P0448,infographic,602,163,138,472,7020,16776
P0449,static image,516,450,123,3597,1039,4368
P0450,carousel,474,158,296,2885,2611,4456
P0451,poll,211,63,98,3144,5510,4579
P0452,video,967,366,195,3879,7431,9844
P0453,carousel,300,174,15,2234,5721,2719
P0454,video,90,285,59,2988,8836,5984
P0455,story,869,70,4,3880,1022,587
P0456,story,459,243,266,640,9135,493
P0457,story,504,350,279,3243,8823,333
P0458,video,484,328,29,1254,2533,4322
P0459,poll,733,421,239,4525,7520,1626
P0460,reels,18,412,4,3424,7081,1926
P0461,carousel,76,212,101,4908,375,8160
P0462,video,890,278,189,3281,8262,4248
P0463,infographic,929,224,49,1045,8564,4605
P0464,story,780,121,241,4871,913,5167
P0465,infographic,923,500,178,4721,2299,14167
P0466,story,317,57,230,1765,3191,5922
P0467,video,426,26,252,2168,9523,16412
P0468,static image,56,335,182,3132,418,18023
P0469,infographic,965,49,51,3449,7308,7342
P0470,carousel,790,290,76,1596,8339,5017
P0471,carousel,423,162,129,3334,9247,5186
P0472,reels,985,43,288,1823,8913,2142
P0473,infographic,342,76,237,761,492,12693
P0474,video,777,209,214,1248,4079,17623
P0475,story,167,359,70,3726,7622,17372
P0476,story,613,283,172,1017,2409,2090
P0477,carousel,101,258,193,464,7420,13489
P0478,static image,336,85,171,2226,3976,11792
P0479,infographic,34,223,300,3487,4092,10012
P0480,video,865,254,139,3511,7179,6941
P0481,story,395,171,185,1883,6535,9951
P0482,reels,490,488,181,3136,8146,12411
P0483,static image,592,440,63,3472,1502,12176
P0484,reels,327,237,85,3089,1016,2084
P0485,static image,778,357,270,2228,5450,243
P0486,reels,132,248,65,1824,6212,11097
P0487,video,547,254,225,2992,9136,7093
P0488,reels,659,245,5,3518,8364,193
P0489,carousel,145,443,244,1986,4350,19922
P0490,video,259,233,75,4171,2802,576
P0491,infographic,288,330,45,155,4952,16841
P0492,carousel,332,310,126,1346,8060,16954
P0493,video,350,171,223,4568,5733,2380
P0494,carousel,427,215,209,856,4230,7134
P0495,static image,63,167,224,4068,2012,11925
P0496,carousel,790,129,49,4917,6465,4990
P0497,video,895,433,248,891,8798,2391
P0498,poll,394,21,73,2738,6049,14041
P0499,infographic,199,282,124,2546,7798,8225
P0500,carousel,968,318,254,2138,9991,16596
P0501,infographic,794,200,45,4696,9694,17586
P0502,poll,823,18,20,1232,660,15060
P0503,reels,191,215,29,621,7573,15546
P0504,story,810,335,139,2045,3017,19432
P0505,story,30,230,4,1250,6420,12935
P0506,reels,808,69,269,1037,3722,823
P0507,video,774,100,149,2199,5864,12911
P0508,story,636,88,127,4152,3117,3724
P0509,carousel,944,424,267,1039,7028,2234
P0510,static image,659,249,57,279,6911,18240
P0511,story,301,430,85,1866,7621,17930
P0512,poll,623,46,76,3693,8155,16950
P0513,infographic,617,310,184,4526,4726,6952
P0514,poll,331,107,229,1079,1623,4362
P0515,carousel,526,301,62,1424,7282,18574
P0516,reels,469,61,94,2129,6999,7260
P0517,poll,483,361,65,3058,5200,2649
P0518,infographic,610,470,52,1217,5481,9978
P0519,carousel,27,203,119,4807,73,6786
P0520,reels,829,237,121,3299,800,18184
P0521,poll,582,225,135,421,8160,2473
P0522,static image,616,427,84,4591,7235,2203
P0523,story,866,418,24,1100,401,3056
P0524,story,133,492,76,4898,8530,2493
P0525,reels,995,139,197,2673,4618,9619
P0526,carousel,478,268,140,1951,8395,13998
P0527,poll,904,239,47,3590,5872,2666
P0528,video,932,371,38,4037,577,8158
P0529,infographic,671,299,203,1339,5166,14572
P0530,carousel,803,172,294,3055,8147,6262
P0531,video,951,312,44,2740,1213,13767
P0532,static image,562,276,251,3049,2674,8074
P0533,carousel,332,347,134,469,1383,933
P0534,poll,149,153,43,969,8020,10084
P0535,story,270,283,77,3607,1826,11525
P0536,carousel,95,94,253,4940,4364,4791
P0537,story,785,20,12,1270,9931,12271
P0538,reels,171,123,267,3086,2733,3295
P0539,story,637,4,54,4913,8554,12567
P0540,poll,310,428,130,4317,3875,7310
P0541,carousel,696,411,117,987,5845,16271
P0542,infographic,239,323,198,177,8440,2702
P0543,video,100,335,112,1522,6218,19358
P0544,infographic,778,180,200,4560,9328,11078
P0545,reels,664,42,196,4323,5424,3381
P0546,static image,316,8,208,1969,6688,19913
P0547,static image,521,319,288,1759,664,1911
P0548,video,547,488,259,1761,4345,4292
P0549,infographic,26,179,195,3375,79,14854
P0550,static image,294,239,51,1923,6683,17163
P0551,carousel,677,15,65,477,5279,16210
P0552,story,861,216,259,775,4666,6418
P0553,infographic,189,454,10,476,4581,3900
P0554,carousel,560,293,32,2712,5989,9896
P0555,poll,820,322,133,3959,3528,7048
P0556,poll,664,120,113,4550,8852,11525
P0557,infographic,909,11,255,1136,2597,10308
P0558,poll,862,185,31,867,9363,7618
P0559,infographic,937,403,294,2033,2529,1647
P0560,story,369,243,209,3598,5524,15115
P0561,poll,205,466,2,1359,102,6287
P0562,reels,785,361,80,105,8109,1580
P0563,static image,320,16,137,101,2530,19761
P0564,story,361,23,178,3615,7689,4937
P0565,reels,881,81,83,2934,6524,14423
P0566,reels,22,47,202,494,7680,17053
P0567,static image,955,291,286,3111,6945,8126
P0568,infographic,514,109,146,454,9043,8373
P0569,carousel,96,424,233,4625,3397,14782
P0570,reels,884,318,287,3199,9356,15917
P0571,poll,321,15,62,572,5162,17859
P0572,story,240,295,59,4151,1075,10795
P0573,static image,35,19,125,1612,5463,5510
P0574,reels,57,124,117,4582,7657,2737
P0575,reels,713,134,182,1589,2970,14461
P0576,reels,701,408,115,3101,9829,4982
P0577,story,441,296,5,3120,3052,15278
P0578,infographic,966,339,157,4024,4591,19676
P0579,story,678,401,265,3540,3667,15990
P0580,video,390,448,116,2625,7125,11832
P0581,reels,305,343,206,1295,7171,1598
P0582,poll,894,203,49,1308,8544,2283
P0583,poll,653,44,182,136,1862,2916
P0584,video,14,426,101,2928,101,16856
P0585,infographic,991,185,245,3437,8076,13319
P0586,story,724,339,92,4953,9167,17702
P0587,poll,676,437,60,3130,6138,9523
P0588,carousel,739,254,56,2705,3687,14032
P0589,static image,928,372,108,4256,4173,2213
P0590,reels,575,422,155,1083,3554,993
P0591,reels,395,200,51,831,6145,16889
P0592,reels,758,440,194,2628,3505,10268
P0593,video,790,125,260,962,7748,18979
P0594,infographic,263,428,282,2199,1670,8779
P0595,poll,818,71,240,4550,8923,7244
P0596,story,995,284,47,1117,2386,10323
P0597,video,710,265,209,4907,293,17304
P0598,reels,495,463,239,321,7904,9726
P0599,poll,329,491,261,1451,5317,12780
P0600,story,191,386,169,4229,8427,656
P0601,carousel,88,406,187,2758,3564,19531
P0602,static image,177,260,22,1341,4728,11921
P0603,story,936,354,132,2113,4278,14786
P0604,static image,24,432,294,4075,7765,18780
P0605,carousel,906,394,51,4376,5063,12490
P0606,video,784,91,128,680,825,19739
P0607,reels,470,342,144,809,7388,10266
P0608,carousel,300,408,289,1067,6905,12572
P0609,reels,816,387,288,4564,3554,524
P0610,story,750,344,217,3634,6862,3790
P0611,carousel,303,387,242,1846,3569,5618
P0612,reels,35,56,196,2936,7373,6856
P0613,poll,211,365,77,647,8278,6760
P0614,static image,609,37,0,2208,8896,1390
P0615,poll,316,471,226,867,4373,5340
P0616,poll,240,311,36,194,3673,13885
P0617,carousel,557,348,86,4186,987,10085
P0618,reels,365,53,158,3529,4809,12907
P0619,carousel,900,107,183,1543,7459,5022
P0620,infographic,669,390,272,2300,3990,8650
P0621,carousel,464,257,20,4416,5969,4962
P0622,story,849,452,171,531,1697,14174
P0623,poll,38,487,152,4555,1592,15998
P0624,static image,195,394,199,524,5476,6581
P0625,static image,860,120,268,4431,8580,2712
P0626,poll,917,276,280,2536,1516,4130
P0627,reels,45,176,167,317,6477,19272
P0628,carousel,94,447,224,4053,9574,18558
P0629,video,771,32,25,1714,8565,11374
P0630,story,213,261,128,2382,6174,12121
P0631,static image,383,79,241,4263,5084,19080
P0632,poll,145,124,130,1103,7178,5474
P0633,infographic,90,308,297,2951,797,13154
P0634,story,87,149,157,4220,2937,13193
P0635,video,452,38,120,4153,2905,1697
P0636,reels,145,82,148,2104,4115,14099
P0637,poll,392,178,61,514,3042,9553
P0638,story,145,89,280,4382,9802,5363
P0639,reels,529,168,37,1147,7677,8679
P0640,reels,651,109,216,3048,6647,14731
P0641,static image,896,276,249,3587,4172,6679
P0642,poll,781,213,127,1094,6729,8284
P0643,poll,828,383,264,1522,2956,8022
P0644,story,998,378,63,1502,4753,16969
P0645,infographic,957,310,267,4666,9139,18649
P0646,video,804,428,218,1534,6555,13210
P0647,video,669,114,177,4869,6062,6177
P0648,carousel,457,210,294,3250,8205,5633
P0649,static image,363,234,111,1957,7283,11552
P0650,poll,430,92,217,631,6624,16778
P0651,story,490,210,186,1148,3480,16289
P0652,infographic,579,359,142,3062,7379,13200
P0653,carousel,49,478,235,3124,3120,16995
P0654,story,196,8,146,1025,8263,5770
P0655,story,588,9,8,1037,7707,18336
P0656,video,226,134,300,4023,8373,4384
P0657,infographic,91,216,288,2592,3433,14210
P0658,carousel,306,425,105,2688,8870,9995
P0659,story,192,454,146,748,131,4157
P0660,carousel,422,15,127,1200,9690,2534
P0661,poll,592,8,20,1136,5315,18205
P0662,static image,577,32,166,2671,6586,9509
P0663,video,810,344,77,473,3737,9085
P0664,carousel,762,279,62,403,3036,9067
P0665,video,847,135,286,2666,6094,6769
P0666,reels,26,97,35,3667,4905,13821
P0667,poll,341,419,297,387,9057,15261
P0668,poll,888,315,58,4568,8728,11083
P0669,infographic,576,395,26,1219,6845,14192
P0670,carousel,470,90,81,3969,3645,2450
P0671,video,729,421,248,1484,8879,1926
P0672,carousel,127,429,245,1850,7228,2625
P0673,story,599,67,116,2201,3589,17721
P0674,infographic,791,352,63,4532,4244,17199
P0675,reels,408,13,21,2392,2471,7282
P0676,video,717,495,90,4949,7353,1948
P0677,story,17,66,233,2531,2118,11759
P0678,video,424,147,113,977,1998,9056
P0679,reels,143,238,194,1905,4250,9870
P0680,infographic,657,428,91,2142,5760,13209
P0681,carousel,371,427,106,1006,504,2359
P0682,video,35,248,35,183,8671,9607
P0683,carousel,612,274,27,453,871,17859
P0684,static image,577,195,93,1871,8840,6072
P0685,infographic,476,4,209,3850,7949,3240
P0686,carousel,147,243,206,2782,6494,13418
P0687,poll,139,253,42,3096,6605,6687
P0688,infographic,902,352,25,4990,3627,7961
P0689,story,549,491,140,409,8859,10860
P0690,infographic,131,33,160,2081,438,8398
P0691,video,191,464,50,373,1828,18454
P0692,reels,577,122,96,4386,3056,16945
P0693,story,186,370,257,3522,3825,6816
P0694,video,29,9,161,2649,5495,2233
P0695,poll,27,356,62,1596,3215,10927
P0696,infographic,30,175,260,3770,4166,16932
P0697,reels,958,281,74,590,8467,6886
P0698,video,624,316,41,4913,4928,10319
P0699,story,282,100,261,4876,2936,6687
P0700,infographic,53,9,158,3837,3005,19229
P0701,story,756,329,221,164,5275,4486
P0702,static image,24,334,13,4033,2825,2779
P0703,story,958,380,193,3989,3259,17951
P0704,story,932,28,0,1887,2585,12508
P0705,story,81,279,163,4662,6307,5257
P0706,video,160,123,211,2086,6497,12232
P0707,static image,967,92,3,4900,9504,16564
P0708,infographic,324,499,169,4222,509,11935
P0709,static image,42,430,262,4368,2652,8588
P0710,static image,927,168,185,912,2566,12900
P0711,carousel,646,317,96,729,6851,843
P0712,poll,316,203,299,2775,9017,19862
P0713,static image,726,178,282,3460,7389,497
P0714,reels,221,270,209,3086,885,4071
P0715,carousel,976,409,83,1738,1193,9787
P0716,carousel,522,210,93,1124,5834,862
P0717,infographic,800,236,136,353,5509,6972
P0718,poll,677,339,122,1103,4862,11880
P0719,reels,356,57,136,1998,5640,15793
P0720,infographic,90,181,62,2934,7203,6182
P0721,story,486,427,147,4914,2616,8443
P0722,video,436,132,187,1436,8763,13853
P0723,video,230,489,84,4073,3335,9837
P0724,static image,110,485,294,3294,4515,11169
P0725,infographic,133,101,37,3969,6326,1251
P0726,static image,528,358,163,2791,5972,2610
P0727,reels,826,210,3,1106,1349,19369
P0728,story,775,449,14,3483,8033,2396
P0729,carousel,164,397,207,2143,9128,13186
P0730,reels,603,311,52,1714,1729,18824
P0731,story,728,9,243,3140,8177,16131
P0732,carousel,144,252,179,2098,8390,8587
P0733,video,811,67,145,4144,3826,7324
P0734,poll,569,208,164,1176,4556,5365
P0735,story,93,283,49,3490,4309,18573
P0736,story,252,36,234,4074,8055,13286
P0737,story,185,184,243,796,8754,18632
P0738,video,222,75,224,2988,5616,15861
P0739,infographic,317,305,33,2786,8534,13576
P0740,reels,218,124,37,1650,3367,14371
P0741,video,831,267,47,3415,3740,9747
P0742,story,868,62,166,1578,4696,4085
P0743,infographic,615,41,60,160,9450,7992
P0744,infographic,114,204,158,2571,8582,6672
P0745,poll,225,482,91,4298,6523,7584
P0746,infographic,804,408,125,4681,222,10458
P0747,video,146,332,288,1359,126,17796
P0748,story,32,152,52,3684,5147,2642
P0749,poll,79,236,182,1158,7370,11210
P0750,story,542,415,109,1478,5790,15377
P0751,infographic,247,294,162,3278,6136,17985
P0752,static image,278,66,243,953,3964,15593
P0753,carousel,628,53,79,4950,8211,8390
P0754,infographic,753,7,62,1206,7431,15463
P0755,infographic,962,301,150,454,7176,1461
P0756,reels,732,360,25,200,8168,4705
P0757,story,652,274,130,3995,2171,12996
P0758,reels,908,134,159,2857,7739,18995
P0759,poll,844,383,230,4496,4369,5154
P0760,story,799,209,116,1716,6571,16592
P0761,reels,428,177,208,4350,3040,5090
P0762,carousel,938,131,21,644,9199,14262
P0763,infographic,558,130,28,3664,5003,12390
P0764,video,33,403,56,3075,7842,14543
P0765,story,265,209,136,4580,3031,7936
P0766,static image,356,197,289,2125,7867,6061
P0767,story,775,363,103,2979,5399,9357
P0768,story,339,181,209,4025,4904,8403
P0769,poll,854,133,166,3752,3554,7303
P0770,reels,791,301,150,3873,2721,3545
P0771,infographic,306,488,92,1014,6165,15744
P0772,video,975,74,156,3709,8313,9952
P0773,reels,96,311,297,3322,5946,8971
P0774,poll,137,68,88,1849,4592,16563
P0775,carousel,506,490,262,3840,4578,13489
P0776,story,788,106,189,4420,7792,17250
P0777,static image,550,252,80,3616,4033,19315
P0778,carousel,519,279,86,2229,9856,11597
P0779,story,903,477,230,805,3687,18683
P0780,carousel,489,34,149,2042,5394,3610
P0781,carousel,996,157,60,2411,4818,18462
P0782,story,305,4,7,3067,131,18222
P0783,video,550,198,257,4348,8450,15053
P0784,infographic,424,380,28,2535,3080,13946
P0785,poll,617,400,22,2364,7910,15857
P0786,static image,737,30,99,1373,9521,1295
P0787,video,441,6,222,3763,7250,2180
P0788,poll,615,138,68,3521,4550,13926
P0789,static image,794,235,199,704,1058,9313
P0790,static image,695,16,10,1983,2551,13233
P0791,static image,524,19,200,2922,2771,18286
P0792,video,663,208,295,4746,3127,9132
P0793,carousel,52,30,220,1216,6462,13952
P0794,infographic,985,457,205,4368,1512,10365
P0795,poll,977,67,298,1579,883,10409
P0796,reels,536,145,244,4748,3086,14647
P0797,video,138,188,291,706,5474,9477
P0798,reels,685,338,177,3546,2988,19796
P0799,infographic,442,234,205,842,5088,14831
P0800,carousel,45,309,50,3085,6879,15800
P0801,video,472,229,291,1145,3092,13767
P0802,reels,565,16,128,4855,9899,15025
P0803,video,580,345,212,2068,616,6265
P0804,static image,995,374,63,4542,8851,19554
P0805,infographic,203,484,156,679,6398,7023
P0806,static image,160,395,165,4868,8604,10213
P0807,static image,352,487,82,2433,8925,9588
P0808,infographic,986,213,273,3395,6427,666
P0809,poll,649,270,48,1973,8736,1068
P0810,static image,34,95,110,683,4416,14586
P0811,reels,560,229,181,2973,708,16183
P0812,reels,87,336,109,3629,1852,3444
P0813,poll,770,392,285,4470,1851,15604
P0814,carousel,965,379,33,4210,1940,13123
P0815,story,653,276,106,2259,713,17577
P0816,video,807,119,113,1634,9118,14375
P0817,poll,473,12,163,2794,3221,7102
P0818,video,464,128,291,623,79,2981
P0819,static image,494,67,262,3208,2340,18714
P0820,carousel,824,78,37,234,1179,19325
P0821,infographic,559,305,156,1567,2553,10572
P0822,infographic,895,231,206,4310,7744,14969
P0823,infographic,551,375,204,4268,3586,19811
P0824,video,398,376,294,3211,1890,16409
P0825,infographic,412,102,64,1696,9103,9582
P0826,reels,185,278,284,154,5820,19505
P0827,static image,169,406,43,4466,247,12151
P0828,story,64,286,55,4316,326,10114
P0829,story,344,178,36,4467,982,5333
P0830,story,268,376,49,4537,2577,8812
P0831,infographic,665,234,161,4635,6444,17610
P0832,story,827,308,88,4890,7212,18337
P0833,static image,471,444,129,3992,1937,17482
P0834,reels,892,151,236,3113,9578,14577
P0835,poll,835,386,94,3532,235,16045
P0836,carousel,310,58,274,2397,6475,4978
P0837,reels,244,372,260,4080,1295,12717
P0838,reels,430,442,184,260,4780,18862
P0839,carousel,112,32,246,2447,1898,17898
P0840,reels,657,372,166,291,6162,9825
P0841,story,312,164,131,1295,7003,2729
P0842,poll,176,379,195,3285,991,10155
P0843,carousel,212,43,179,1452,6130,5382
P0844,reels,323,416,82,3168,5364,9320
P0845,poll,67,410,249,2686,8571,14050
P0846,reels,44,252,3,1358,1816,4554
P0847,static image,514,310,146,2900,3440,12541
P0848,infographic,269,436,1,2190,6869,9802
P0849,story,317,116,48,1381,1622,15521
P0850,static image,691,353,180,2197,1598,9143
P0851,story,953,234,13,3480,5713,19262
P0852,infographic,228,324,14,2286,5048,1321
P0853,carousel,635,300,133,2721,6296,12888
P0854,infographic,478,207,243,2367,5523,14106
P0855,story,325,83,131,1161,2513,11836
P0856,poll,964,51,45,4096,7566,13884
P0857,carousel,12,351,286,3460,1683,11096
P0858,video,755,204,207,474,265,4444
P0859,infographic,397,224,204,642,2812,10777
P0860,video,140,249,296,3312,8184,16653
P0861,video,901,333,198,479,1720,18925
P0862,story,416,176,186,3395,5025,641
P0863,poll,726,279,10,3328,2512,18434
P0864,carousel,550,43,293,306,6316,6415
P0865,infographic,70,451,215,1779,768,16547
P0866,poll,601,65,97,1551,655,16990
P0867,static image,839,85,256,3482,7872,15358
P0868,story,103,123,10,3992,7650,17114
P0869,carousel,543,268,8,3460,5303,14206
P0870,video,825,218,224,1430,2545,2251
P0871,static image,677,268,202,1440,6117,5648
P0872,reels,952,96,1,4309,2928,8707
P0873,static image,470,17,17,3395,9821,10402
P0874,story,48,334,123,3468,4055,14577
P0875,story,201,19,190,3926,1844,14517
P0876,reels,515,222,137,639,863,16733
P0877,static image,610,149,0,2772,3151,9681
P0878,story,67,334,230,3101,3768,1223
P0879,carousel,952,226,136,4057,6282,10991
P0880,reels,694,394,202,1790,8422,6175
P0881,story,550,419,7,1058,7222,2225
P0882,reels,495,277,102,357,8616,265
P0883,poll,803,423,89,3061,1875,7390
P0884,poll,403,290,88,2711,1902,12161
P0885,infographic,651,18,219,804,1638,9938
P0886,story,634,426,24,890,3795,6443
P0887,static image,960,415,136,2913,2799,15847
P0888,video,515,6,148,1945,196,4655
P0889,video,480,404,111,650,8760,10379
P0890,poll,724,145,105,4600,8803,15999
P0891,story,75,488,80,3896,5019,14426
P0892,static image,367,210,176,4532,4452,14346
P0893,video,675,362,168,3154,8345,1487
P0894,story,425,224,194,624,160,3727
P0895,reels,951,48,78,2061,6649,273
P0896,story,340,49,205,2244,9260,1291
P0897,story,245,169,131,3846,141,14936
P0898,static image,627,269,137,4342,2399,10013
P0899,carousel,787,248,174,1111,3974,3869
P0900,reels,629,327,21,3472,2071,17536
P0901,video,717,204,36,624,8768,13109
P0902,poll,642,57,105,3379,7717,11753
P0903,static image,769,253,151,4288,5615,2972
P0904,story,423,28,253,3895,3369,16719
P0905,video,463,47,48,356,4509,5880
P0906,poll,458,31,99,3139,7192,17855
P0907,static image,730,298,225,3476,342,17386
P0908,video,435,493,150,3272,5256,6588
P0909,infographic,57,355,240,185,980,16170
P0910,story,61,489,293,2435,8858,17262
P0911,reels,611,343,197,3154,7022,9655
P0912,poll,760,220,156,3307,631,1284
P0913,poll,577,495,234,4658,6343,3264
P0914,reels,999,184,161,4630,5477,19707
P0915,reels,710,29,75,4149,9954,7438
P0916,video,943,299,242,1572,157,19545
P0917,infographic,733,58,244,1961,8363,11107
P0918,static image,841,481,297,245,4943,3013
P0919,static image,245,322,149,1744,6113,14302
P0920,poll,648,426,135,4214,5906,2167
P0921,infographic,815,457,274,1655,4573,8861
P0922,infographic,255,123,279,3151,252,3702
P0923,video,952,168,75,2203,6507,19350
P0924,reels,708,132,138,1566,8230,11575
P0925,static image,592,429,182,1732,9850,4799
P0926,video,575,168,109,3631,2756,2934
P0927,video,51,405,180,2261,4793,16733
P0928,story,606,340,46,4518,1361,6175
P0929,poll,224,284,212,2060,8902,17254
P0930,infographic,68,477,95,1252,5223,1293
P0931,infographic,806,245,0,3681,2430,1998
P0932,video,308,453,134,709,826,2717
P0933,video,795,81,40,2391,9443,11786
P0934,carousel,88,204,103,3557,4956,19908
P0935,reels,268,461,88,306,7545,9887
P0936,poll,97,170,131,4823,3344,17404
P0937,carousel,471,107,212,3840,2991,17676
P0938,story,512,313,58,4736,2110,13849
P0939,carousel,898,96,83,3165,1906,14620
P0940,static image,666,131,195,3715,3679,14874
P0941,infographic,391,77,219,3602,461,10539
P0942,infographic,442,301,281,4092,2824,10255
P0943,video,710,444,259,4270,3006,7490
P0944,poll,872,405,67,3138,794,19174
P0945,reels,166,202,215,3501,9399,1805
P0946,reels,155,320,37,4988,8166,6154
P0947,video,543,31,24,4669,1695,4616
P0948,story,94,16,284,4358,3322,1913
P0949,reels,729,276,256,1152,7921,5298
P0950,static image,986,327,208,2037,8788,14298
P0951,carousel,949,36,99,1653,4574,518
P0952,video,899,394,127,2835,9354,16648
P0953,carousel,602,61,196,1708,4064,19728
P0954,infographic,804,65,224,341,147,1577
P0955,story,648,312,196,557,2704,1534
P0956,video,458,380,197,4820,4933,2537
P0957,carousel,293,235,139,655,5714,18435
P0958,carousel,59,215,296,2344,8681,15375
P0959,reels,920,283,66,4567,6545,590
P0960,infographic,578,419,76,1594,4021,6733
P0961,carousel,344,77,19,3276,5944,12149
P0962,infographic,204,343,193,4929,8819,16436
P0963,static image,488,123,162,2283,2721,2785
P0964,infographic,473,461,206,3587,8949,12996
P0965,story,278,372,218,3396,7510,9031
P0966,carousel,646,28,69,3202,2850,15655
P0967,infographic,563,449,191,3139,6253,15322
P0968,video,387,471,134,1930,3517,14244
P0969,infographic,636,290,161,2916,7261,9955
P0970,infographic,998,70,183,3393,2417,13777
P0971,infographic,511,157,229,3509,4946,12640
P0972,reels,615,299,9,883,3719,9398
P0973,infographic,182,294,149,3198,2149,8797
P0974,video,397,412,275,2124,3834,11648
P0975,story,96,243,235,3694,5359,5747
P0976,carousel,227,359,251,1913,5012,5424
P0977,static image,33,269,47,3211,4509,19063
P0978,reels,483,480,106,667,1435,13560
P0979,static image,146,128,78,3578,9834,3924
P0980,video,782,393,220,1435,4796,17247
P0981,static image,274,388,269,2050,1969,13909
P0982,reels,253,430,146,1548,9032,5294
P0983,infographic,462,40,62,4968,3209,16951
P0984,carousel,911,174,84,4153,913,4312
P0985,infographic,448,415,86,2189,3306,5540
P0986,poll,54,306,60,2205,8337,1170
P0987,static image,173,430,273,4827,6105,267
P0988,video,780,76,58,678,1986,9061
P0989,infographic,800,308,289,1346,3310,1813
P0990,carousel,577,459,29,4159,3703,15851
P0991,carousel,266,448,134,543,5139,11969
P0992,video,11,408,35,1119,4096,5204
P0993,reels,996,21,70,4583,5486,10018
P0994,story,728,15,203,1546,5509,16394
P0995,story,354,228,252,363,1408,14628
P0996,carousel,144,272,124,1611,8736,2550
P0997,poll,929,111,292,1751,3691,7435
P0998,reels,534,164,49,387,8717,124
P0999,infographic,619,84,288,2917,8114,1496
P1000,infographic,371,269,74,4351,7371,9910
